IPAddress,Operating System
1.127.30.239,iOS
100.0.48.40,iOS
100.1.116.150,iOS
100.1.197.247,Android
100.1.210.47,iOS
100.2.7.49,Android
100.35.149.7,iOS
101.93.97.15,Windows
103.111.179.138,Windows
104.12.147.162,Android
104.176.121.100,Android
104.245.131.241,Windows
104.34.140.196,Android
104.4.139.57,Windows
104.57.157.1,Android
104.62.180.181,Macintosh
104.7.29.81,Android
104.8.80.79,Android
107.10.231.221,Android
107.115.159.20,Android
107.12.183.250,Android
107.126.100.27,Windows
107.126.121.174,Android
107.136.61.184,Android
107.143.185.173,Windows
107.185.13.42,iOS
107.2.232.15,Windows
107.204.168.21,Android
107.207.246.122,Android
107.242.113.5,Android
107.242.113.64,Android
107.242.125.40,Android
107.242.125.48,Android
107.77.169.36,Android
107.77.194.124,iOS
107.77.194.211,Android
107.77.196.108,iOS
107.77.204.226,Android
107.77.204.37,iOS
107.77.207.135,iOS
107.77.207.231,Android
107.77.208.231,Android
107.77.209.100,Android
107.77.249.61,iOS
108.16.85.117,Android
108.183.166.171,Android
108.183.191.91,Android
108.183.203.232,Windows
108.195.170.156,Android
108.195.170.156,Windows
108.195.7.70,Windows
108.202.117.72,Android
108.207.5.63,Android
108.209.51.38,iOS
108.213.221.15,Android
108.215.130.45,iOS
108.223.237.150,Windows
108.234.124.199,Android
108.236.37.235,Android
108.238.90.79,Android
108.28.65.24,Macintosh
108.30.127.130,Android
108.52.130.168,Android
108.52.234.84,iOS
108.75.185.166,Android
109.76.206.200,Android
110.137.195.99,Windows
111.223.26.101,Windows
116.88.101.181,Windows
128.119.226.22,iOS
131.95.1.143,Windows
134.174.142.203,Windows
135.129.115.46,iOS
135.134.161.150,iOS
136.158.37.150,Windows
136.34.91.100,Android
136.49.55.129,Windows
136.56.102.125,Android
137.83.68.106,Android
138.122.154.148,Windows
140.186.252.50,iOS
141.156.128.117,Android
142.105.11.32,Android
142.160.109.206,Windows
147.92.18.9,Android
148.76.109.230,Android
148.76.225.100,iOS
150.135.165.103,Windows
151.197.230.4,Android
162.192.207.20,iOS
162.218.220.231,Android
162.222.31.52,Android
162.229.22.2,Android
162.232.184.211,Windows
166.137.83.5,Android
166.181.82.19,Android
166.182.85.183,Android
169.1.114.40,iOS
172.14.95.125,iOS
172.221.114.222,Android
172.5.237.199,Android
172.56.12.176,Android
172.56.13.86,Android
172.56.30.101,Android
172.56.30.114,Android
172.56.30.218,Android
172.56.30.246,Android
172.56.30.64,Android
172.56.31.94,Android
172.56.42.176,Android
172.56.42.201,Android
172.56.42.87,Android
172.56.42.95,Android
172.58.107.37,Android
172.58.109.92,Android
172.58.111.155,Android
172.58.120.185,Android
172.58.120.237,Android
172.58.136.37,Android
172.58.137.217,Windows
172.58.139.108,Android
172.58.139.36,Android
172.58.143.43,Android
172.58.155.234,Android
172.58.157.238,Android
172.58.157.58,Android
172.58.160.165,iOS
172.58.175.244,Android
172.58.184.103,Android
172.58.187.101,Android
172.58.19.143,Android
172.58.203.173,Android
172.58.205.22,Android
172.58.207.135,Android
172.58.220.43,Android
172.58.223.141,Android
172.58.228.166,Android
172.58.23.222,Android
172.58.236.51,iOS
172.58.238.130,Android
172.58.27.12,Android
172.58.28.93,Android
172.58.31.102,Android
172.58.36.197,iOS
172.58.44.170,Android
172.58.44.251,Android
172.58.56.40,Android
172.58.59.211,Android
172.58.6.204,Android
172.58.63.103,Android
172.58.70.156,Android
172.58.99.251,iOS
172.75.242.43,Android
172.76.59.43,Android
172.79.21.112,Android
172.8.196.79,iOS
172.89.24.156,Android
172.91.219.96,Android
173.16.94.233,Android
173.168.131.78,Android
173.173.4.193,Android
173.174.7.212,Android
173.187.48.146,Android
173.2.249.174,Android
173.22.120.33,Android
173.233.162.66,Android
173.252.127.14,Linux
173.252.87.6,Linux
173.252.95.1,Linux
173.252.95.3,Linux
173.29.245.134,Android
173.29.26.241,iOS
173.49.19.117,Macintosh
173.54.76.88,iOS
173.69.134.2,iOS
173.81.164.231,Android
173.87.230.199,Android
174.101.206.29,Android
174.126.154.195,Android
174.197.203.48,Android
174.198.147.183,Android
174.198.65.5,Android
174.199.238.114,Android
174.20.67.229,Android
174.202.0.217,Android
174.202.203.30,Android
174.202.69.23,Android
174.202.71.164,Macintosh
174.203.101.81,Android
174.204.9.124,Android
174.205.128.46,Android
174.205.240.185,Android
174.206.65.163,Android
174.207.0.28,Android
174.207.192.54,iOS
174.208.193.174,iOS
174.208.34.69,Android
174.208.37.100,iOS
174.210.235.168,Android
174.211.129.240,Android
174.211.160.168,Android
174.211.43.106,Android
174.214.0.116,Android
174.215.189.51,Android
174.216.11.136,iOS
174.241.161.118,Android
174.242.81.27,Android
174.243.179.121,Android
174.244.149.165,iOS
174.246.134.42,Android
174.246.48.126,iOS
174.247.14.59,Android
174.247.240.255,Android
174.248.57.86,Android
174.249.47.115,Android
174.250.36.12,Android
174.252.202.5,Android
174.54.123.8,Android
174.71.25.80,Android
174.80.108.76,Android
174.80.241.119,Android
174.86.0.207,Android
174.96.48.51,Android
18.208.35.91,Windows
184.155.53.208,iOS
184.20.108.209,iOS
184.62.130.147,Android
184.96.246.213,Android
184.97.48.228,Android
192.190.159.60,Android
196.158.139.27,Windows
197.185.106.33,Windows
197.210.53.202,Windows
198.243.17.69,iOS
199.47.65.175,Android
202.9.74.4,Windows
203.167.201.34,Windows
205.169.39.154,Windows
207.225.154.127,Android
208.104.195.107,Android
208.38.254.86,Android
209.107.179.56,Android
209.107.180.22,Android
209.51.72.38,Windows
209.6.227.216,Windows
216.116.227.255,Android
216.161.18.58,Windows
216.176.114.142,iOS
216.211.7.167,Macintosh
216.81.125.14,Android
216.93.226.235,iOS
23.117.99.64,Android
23.123.210.55,Android
23.127.149.150,Android
23.162.0.90,Windows
23.242.78.23,Android
23.84.10.87,Windows
23.84.72.234,Android
24.0.112.76,Android
24.0.99.105,Android
24.106.197.210,iOS
24.117.190.129,Android
24.118.105.76,Android
24.136.53.79,Android
24.143.241.24,Macintosh
24.148.19.128,Android
24.151.232.123,Android
24.154.107.20,Android
24.154.155.189,Android
24.169.2.9,Android
24.169.87.10,Windows
24.17.167.82,Macintosh
24.186.210.13,iOS
24.190.29.127,iOS
24.190.32.242,Android
24.192.124.50,Android
24.192.5.2,Android
24.194.226.86,iOS
24.21.200.70,Macintosh
24.233.109.99,Android
24.237.17.179,Android
24.240.58.192,Android
24.242.158.192,Android
24.250.15.34,Android
24.250.245.66,Windows
24.254.112.112,Android
24.43.123.71,Windows
24.5.177.117,Chrome OS
24.59.245.51,Windows
24.60.157.158,Android
24.63.96.210,iOS
24.7.183.2,Android
24.8.149.174,Android
24.94.18.133,iOS
3.227.184.170,Windows
31.13.115.118,Linux
31.13.115.2,Linux
31.13.127.116,iOS
31.13.127.19,Linux
31.48.115.8,Android
35.137.169.48,Android
37.30.0.155,Android
38.132.158.68,Android
38.29.179.230,Android
45.47.153.40,Android
45.48.39.139,Macintosh
45.49.58.160,iOS
45.51.188.202,Android
47.148.65.217,Android
47.149.253.50,Android
47.150.19.239,iOS
47.152.247.62,Android
47.153.54.247,Chrome OS
47.185.27.2,Windows
47.196.175.149,Android
47.198.15.234,Android
47.208.0.36,Android
47.222.191.65,iOS
47.223.139.19,Android
47.226.30.185,Android
47.26.135.230,Android
47.26.146.112,Macintosh
47.32.4.202,Android
47.37.130.240,Android
50.122.27.199,Android
50.201.30.60,Windows
50.25.0.72,Windows
50.34.191.81,Windows
50.82.40.47,Android
50.83.99.191,Android
52.50.31.99,Windows
54.201.37.197,Linux
54.229.168.186,Windows
63.142.197.59,Android
64.127.165.14,Android
64.251.147.224,Windows
64.68.238.54,Android
65.131.24.176,Android
65.154.226.165,Windows
65.184.42.10,Android
65.189.42.102,Android
65.191.169.190,Android
66.10.244.242,Android
66.168.224.132,iOS
66.169.254.124,Android
66.220.238.147,Android
66.38.61.218,Android
66.55.195.192,Android
66.75.245.205,Macintosh
67.1.16.127,Windows
67.10.30.123,Android
67.10.36.9,Android
67.143.192.42,iOS
67.166.187.251,Android
67.171.161.24,Chrome OS
67.172.10.62,Android
67.180.15.146,Macintosh
67.184.189.126,Android
67.186.32.145,Android
67.188.101.116,Macintosh
67.213.236.220,Android
67.233.73.73,Android
67.241.209.250,Android
67.251.11.232,Android
67.3.99.123,Android
67.43.240.171,Android
67.43.253.56,Android
67.44.224.77,Android
67.49.116.39,Android
67.82.145.227,Android
68.10.108.230,Android
68.102.65.122,Android
68.105.132.94,Android
68.105.64.216,Android
68.108.106.184,Windows
68.132.107.8,iOS
68.14.118.41,Android
68.15.240.108,Windows
68.162.66.44,iOS
68.162.81.218,Android
68.169.141.37,Android
68.171.180.200,iOS
68.194.129.144,Android
68.195.153.13,Android
68.202.78.144,Macintosh
68.227.226.199,Macintosh
68.231.177.192,Android
68.33.60.39,iOS
68.37.167.213,Android
68.47.20.170,iOS
68.52.133.182,Windows
68.52.241.50,Windows
68.57.103.52,iOS
68.7.141.51,Android
68.80.143.126,iOS
68.81.110.251,Android
68.82.200.161,Android
68.93.4.230,iOS
68.97.105.155,iOS
69.116.212.144,iOS
69.14.171.213,Android
69.14.50.208,Macintosh
69.140.116.95,Android
69.140.84.145,Android
69.141.231.61,Android
69.171.251.117,Linux
69.171.251.18,Linux
69.174.145.36,Android
69.204.253.160,Macintosh
69.244.221.2,Android
69.245.109.252,iOS
69.255.155.56,Android
69.26.12.100,Windows
69.68.68.154,Android
69.79.192.80,Android
69.88.40.153,Android
70.120.242.189,Android
70.127.1.212,iOS
70.162.176.142,Macintosh
70.162.20.98,iOS
70.170.52.38,Android
70.172.5.170,Android
70.175.75.192,Android
70.18.238.174,Windows
70.187.28.91,Android
70.235.130.102,Android
70.35.188.49,Android
70.94.244.118,Android
70.94.78.192,Android
71.12.154.101,Android
71.129.32.129,Windows
71.15.205.15,Chrome OS
71.16.198.34,Windows
71.166.44.98,Android
71.182.170.133,Macintosh
71.185.203.44,iOS
71.190.28.176,Android
71.192.14.0,Android
71.205.194.161,Windows
71.213.194.156,Android
71.213.45.87,Windows
71.214.48.85,Android
71.219.167.44,Android
71.223.238.5,Windows
71.227.107.130,Android
71.229.200.144,Android
71.237.252.165,Android
71.238.34.51,Android
71.240.196.40,Android
71.255.32.18,Macintosh
71.28.113.117,Android
71.45.41.119,Android
71.47.70.149,Android
71.49.142.72,Android
71.63.151.28,iOS
71.67.244.85,iOS
71.81.210.174,Android
71.91.163.56,Android
71.92.35.228,Android
71.95.144.171,Android
72.129.145.43,Android
72.174.26.36,Android
72.188.247.175,Android
72.193.21.23,Android
72.196.151.16,Android
72.202.206.47,Android
72.220.148.171,Macintosh
72.220.69.176,Android
72.224.13.18,Android
72.227.130.60,Android
72.230.242.29,Android
72.230.71.244,Android
72.26.4.168,iOS
72.46.177.214,iOS
72.74.219.122,Android
72.81.218.221,Android
72.86.46.143,Android
73.1.1.113,Android
73.108.31.82,Android
73.109.56.253,Android
73.11.8.10,Android
73.121.213.202,Android
73.13.3.153,Windows
73.131.117.35,iOS
73.135.130.127,Android
73.136.94.35,iOS
73.147.52.48,Android
73.15.115.187,Android
73.154.51.68,Android
73.16.205.220,Windows
73.168.155.44,Android
73.169.223.100,iOS
73.174.250.149,Android
73.175.215.190,Android
73.181.216.235,Windows
73.182.217.127,Android
73.196.201.60,iOS
73.216.48.91,Android
73.22.23.169,Android
73.230.159.100,iOS
73.236.244.138,Windows
73.248.196.67,Android
73.254.223.191,Android
73.37.13.59,Android
73.48.241.8,Android
73.50.147.172,iOS
73.70.203.170,Android
73.72.230.127,Android
73.81.166.10,iOS
73.90.207.79,iOS
73.94.49.153,Android
73.94.72.118,Windows
74.111.182.17,Android
74.134.88.28,Android
74.135.35.148,Android
74.138.83.223,Android
74.199.76.172,iOS
74.213.203.196,Android
74.69.60.242,Android
75.104.71.177,Macintosh
75.109.23.142,Android
75.111.145.77,Android
75.115.127.225,iOS
75.117.168.206,Android
75.134.243.32,Windows
75.138.248.52,iOS
75.164.248.79,Android
75.172.55.60,Android
75.175.104.136,Android
75.187.124.48,Android
75.187.42.179,iOS
75.188.45.72,Android
75.190.11.196,iOS
75.21.235.253,Android
75.48.121.67,Android
75.58.42.195,Android
75.73.195.232,Android
75.80.176.45,iOS
75.89.200.130,iOS
75.97.179.218,Android
76.106.2.217,Android
76.108.73.56,Android
76.118.85.20,Android
76.120.172.6,Android
76.125.207.177,Android
76.167.161.108,Macintosh
76.167.213.176,Macintosh
76.172.66.181,Windows
76.183.186.151,Android
76.191.19.153,Android
76.20.100.62,Android
76.206.56.238,Android
76.234.140.218,Android
76.235.204.65,Android
76.24.190.225,Windows
76.25.77.216,Macintosh
76.26.54.57,Macintosh
76.27.175.82,iOS
76.9.91.238,iOS
78.19.76.54,Android
8.29.210.69,Android
80.236.20.26,Macintosh
81.110.124.156,Windows
85.255.237.187,Android
86.173.186.173,iOS
89.64.101.163,Windows
90.62.80.149,Windows
93.112.148.180,iOS
93.177.72.7,Windows
96.230.217.109,Android
96.252.109.126,Chrome OS
96.29.3.249,Windows
96.32.232.173,Android
96.41.202.198,Android
96.42.25.209,iOS
96.61.82.208,Windows
97.102.31.226,Android
97.113.35.1,Chrome OS
97.115.93.206,Android
97.118.138.172,Android
97.118.240.175,Android
97.121.167.37,Android
97.83.172.247,Android
97.86.226.143,Android
97.91.169.33,iOS
98.10.243.160,Android
98.118.116.178,iOS
98.127.210.131,Android
98.127.80.222,iOS
98.144.226.183,Android
98.144.72.93,iOS
98.146.203.152,iOS
98.148.192.63,Android
98.148.91.153,Android
98.152.32.83,Android
98.156.87.134,Macintosh
98.165.150.193,iOS
98.169.145.74,Windows
98.174.82.34,Android
98.181.6.74,Android
98.192.129.75,Android
98.20.165.99,Android
98.200.163.202,Android
98.201.203.55,Android
98.204.252.212,Android
98.207.138.26,Android
98.21.145.218,Android
98.216.67.5,Android
98.22.203.135,Android
98.222.110.65,Android
98.222.57.206,Android
98.23.209.26,Android
98.230.113.160,Android
98.235.28.50,Android
98.236.111.161,Android
98.255.241.199,Android
98.26.105.49,iOS
98.27.129.144,Windows
98.30.218.60,Windows
98.4.195.49,Android
98.4.93.222,Android
98.40.10.88,Android
98.45.172.75,Windows
99.102.165.93,Windows
99.107.148.72,Android
99.108.235.167,Macintosh
99.113.109.28,Android
99.122.61.62,Android
99.122.83.146,Android
99.16.156.104,iOS
99.160.137.175,Android
99.182.122.131,Android
99.185.57.102,Android
99.186.110.69,Windows
99.196.242.50,iOS
99.32.58.89,Android
99.44.25.230,Android
99.46.178.2,Android
99.54.138.36,iOS
99.58.105.11,iOS
99.7.30.41,Android
99.8.85.105,Windows
99.82.254.180,Android
99.89.44.176,Android
99.92.172.96,iOS
99.93.208.84,Android
