,IP Address,Hour of Day,Pageviews,Session Duration,sumVisits
657,24.17.167.82,2021102311,1,0:00:00,6
656,24.17.167.82,2021100210,1,0:00:00,6
655,24.17.167.82,2021100112,1,0:00:00,6
654,24.17.167.82,2021093011,1,0:00:00,6
653,24.17.167.82,2021092714,1,0:00:00,6
652,24.17.167.82,2021092509,1,0:00:00,6
720,75.21.235.253,2021110314,1,0:00:00,5
719,75.21.235.253,2021110106,1,0:00:00,5
446,75.21.235.253,2021102714,3,0:00:16,5
101,75.21.235.253,2021102020,11,0:00:00,5
560,75.21.235.253,2021102019,2,0:40:42,5
1,54.201.37.197,2021110118,46,0:05:34,5
347,54.201.37.197,2021102518,4,0:00:17,5
113,54.201.37.197,2021101118,10,0:01:07,5
224,54.201.37.197,2021100418,6,0:00:34,5
0,54.201.37.197,2021092718,60,0:07:33,5
519,24.43.123.71,2021110313,2,0:01:05,5
664,24.43.123.71,2021100708,1,0:00:00,5
415,24.43.123.71,2021093013,3,0:00:33,5
343,24.43.123.71,2021092512,4,0:00:43,5
663,24.43.123.71,2021092511,1,0:00:00,5
662,24.250.15.34,2021092618,1,0:00:00,5
661,24.250.15.34,2021092616,1,0:00:00,5
660,24.250.15.34,2021092614,1,0:00:00,5
342,24.250.15.34,2021092613,4,0:00:00,5
518,24.250.15.34,2021092612,2,0:40:36,5
359,73.11.8.10,2021092615,4,0:00:00,4
197,73.11.8.10,2021092614,7,0:11:33,4
161,73.11.8.10,2021092613,8,0:49:40,4
196,73.11.8.10,2021092612,7,0:24:43,4
717,75.111.145.77,2021092812,1,0:00:00,3
445,75.111.145.77,2021092608,3,0:00:00,3
304,75.111.145.77,2021092607,5,0:29:42,3
537,68.132.107.8,2021092717,2,0:00:04,3
536,68.132.107.8,2021092614,2,0:00:00,3
157,68.132.107.8,2021092613,8,0:21:08,3
603,172.56.30.246,2021093011,1,0:00:00,3
602,172.56.30.246,2021093010,1,0:15:21,3
601,172.56.30.246,2021093009,1,0:00:00,3
255,172.56.30.114,2021100112,5,0:07:15,3
254,172.56.30.114,2021100111,5,0:24:14,3
482,172.56.30.114,2021100110,2,0:00:00,3
465,107.242.113.64,2021092515,2,0:00:00,3
144,107.242.113.64,2021092514,8,0:48:29,3
249,107.242.113.64,2021092513,5,0:04:26,3
245,99.44.25.230,2021092718,6,0:00:00,2
204,99.44.25.230,2021092717,7,0:15:39,2
571,99.16.156.104,2021100806,2,0:02:54,2
749,99.16.156.104,2021100718,1,0:00:00,2
748,99.107.148.72,2021092815,1,0:00:00,2
102,99.107.148.72,2021092814,11,0:30:53,2
370,98.40.10.88,2021093019,4,0:00:00,2
747,98.40.10.88,2021093018,1,0:09:01,2
201,98.222.57.206,2021101016,7,0:12:04,2
742,98.222.57.206,2021100208,1,0:00:00,2
17,97.83.172.247,2021102103,22,0:00:00,2
240,97.83.172.247,2021102102,6,0:34:31,2
367,96.41.202.198,2021092609,4,0:02:26,2
83,96.41.202.198,2021092608,12,0:05:38,2
81,96.230.217.109,2021102418,12,0:00:00,2
451,96.230.217.109,2021102417,3,0:13:52,2
448,76.108.73.56,2021100720,3,0:00:00,2
366,76.108.73.56,2021100719,4,0:32:21,2
362,74.213.203.196,2021092921,4,0:00:00,2
137,74.213.203.196,2021092920,9,0:12:52,2
360,73.50.147.172,2021100620,4,0:00:00,2
100,73.50.147.172,2021100619,11,0:21:20,2
55,73.37.13.59,2021092422,14,0:00:00,2
237,73.37.13.59,2021092421,6,0:10:32,2
135,73.254.223.191,2021092720,9,0:00:00,2
716,73.254.223.191,2021092719,1,0:14:48,2
66,73.16.205.220,2021092510,13,0:00:00,2
551,73.16.205.220,2021092509,2,0:10:02,2
712,72.74.219.122,2021092708,1,0:00:00,2
234,72.74.219.122,2021092707,6,0:17:20,2
195,72.188.247.175,2021100618,7,0:00:00,2
194,72.188.247.175,2021100617,7,0:13:32,2
707,71.237.252.165,2021092610,1,0:00:00,2
544,71.237.252.165,2021092609,2,0:04:43,2
230,71.219.167.44,2021102412,6,0:00:00,2
434,71.219.167.44,2021102411,3,0:06:06,2
6,71.214.48.85,2021092609,28,0:00:00,2
133,71.214.48.85,2021092608,9,0:30:55,2
292,71.205.194.161,2021101807,5,0:04:13,2
433,71.205.194.161,2021092921,3,0:01:52,2
358,71.192.14.0,2021100214,4,0:00:00,2
291,71.192.14.0,2021100213,5,0:18:44,2
229,71.129.32.129,2021092921,6,0:00:00,2
290,71.129.32.129,2021092920,5,0:08:04,2
704,70.94.78.192,2021093010,1,0:00:00,2
289,70.94.78.192,2021093009,5,0:10:32,2
703,70.35.188.49,2021093017,1,0:00:00,2
702,70.35.188.49,2021093016,1,0:02:10,2
356,70.187.28.91,2021100208,4,0:00:00,2
53,70.187.28.91,2021100207,14,0:13:02,2
3,70.162.176.142,2021100213,34,0:00:00,2
355,70.162.176.142,2021100212,4,0:49:04,2
429,69.204.253.160,2021092710,3,0:00:13,2
699,69.204.253.160,2021092707,1,0:00:00,2
538,68.57.103.52,2021100812,2,0:00:00,2
692,68.57.103.52,2021100811,1,0:01:42,2
4,68.47.20.170,2021092609,31,0:00:00,2
691,68.47.20.170,2021092608,1,0:30:09,2
95,68.231.177.192,2021100223,11,0:00:00,2
690,68.231.177.192,2021100222,1,0:22:39,2
686,68.105.64.216,2021093021,1,0:00:00,2
535,68.105.64.216,2021093020,2,0:29:35,2
532,66.55.195.192,2021100719,2,0:00:00,2
531,66.55.195.192,2021100718,2,0:06:28,2
93,66.220.238.147,2021100418,11,0:00:00,2
530,66.220.238.147,2021100417,2,0:10:59,2
130,50.122.27.199,2021093018,9,0:00:00,2
92,50.122.27.199,2021093017,11,0:56:03,2
61,47.26.135.230,2021102020,13,0:00:00,2
223,47.26.135.230,2021102019,6,0:18:34,2
676,47.208.0.36,2021092611,1,0:00:00,2
522,47.208.0.36,2021092610,2,0:13:35,2
34,47.152.247.62,2021102411,16,0:44:27,2
416,47.152.247.62,2021102410,3,0:00:33,2
669,31.13.115.2,2021110321,1,0:00:00,2
668,31.13.115.2,2021102822,1,0:00:00,2
183,24.59.245.51,2021101812,7,0:06:13,2
665,24.59.245.51,2021101810,1,0:00:00,2
269,24.118.105.76,2021092719,5,0:00:00,2
128,24.118.105.76,2021092718,9,0:09:24,2
268,23.84.10.87,2021092808,5,0:00:00,2
267,23.84.10.87,2021092807,5,0:27:38,2
645,216.176.114.142,2021102209,1,0:00:00,2
509,216.176.114.142,2021102119,2,0:00:00,2
643,209.107.179.56,2021100618,1,0:00:00,2
76,209.107.179.56,2021100616,12,0:12:59,2
335,174.248.57.86,2021093022,4,0:00:00,2
505,174.248.57.86,2021093021,2,0:04:57,2
45,174.246.134.42,2021092711,15,0:00:00,2
504,174.246.134.42,2021092710,2,1:05:28,2
635,174.244.149.165,2021092700,1,0:00:00,2
634,174.244.149.165,2021092623,1,0:00:00,2
44,174.211.129.240,2021093019,15,0:00:00,2
43,174.211.129.240,2021093018,15,0:14:44,2
625,174.198.65.5,2021092613,1,0:00:00,2
177,174.198.65.5,2021092610,7,0:02:50,2
332,173.233.162.66,2021100102,4,0:04:46,2
151,173.233.162.66,2021093018,8,0:05:46,2
615,172.58.59.211,2021102211,1,0:00:00,2
89,172.58.59.211,2021102210,11,0:30:58,2
613,172.58.203.173,2021100213,1,0:00:00,2
393,172.58.203.173,2021100212,3,0:02:34,2
487,172.58.184.103,2021102113,2,0:00:00,2
391,172.58.184.103,2021102112,3,0:08:30,2
485,172.58.157.58,2021093010,2,0:00:00,2
390,172.58.157.58,2021093009,3,0:07:03,2
328,172.58.143.43,2021102215,4,0:00:00,2
127,172.58.143.43,2021102214,9,0:55:07,2
40,172.58.139.108,2021100323,15,0:00:00,2
14,172.58.139.108,2021100322,23,0:32:47,2
106,172.58.137.217,2021100616,10,0:39:22,2
327,172.58.137.217,2021100614,4,0:06:36,2
612,172.58.120.237,2021100806,1,0:00:00,2
389,172.58.120.237,2021100805,3,0:09:40,2
608,172.56.42.95,2021100122,1,0:00:00,2
50,172.56.42.95,2021100121,14,0:08:17,2
607,172.56.42.201,2021101623,1,0:00:00,2
174,172.56.42.201,2021101214,7,0:11:56,2
253,166.182.85.183,2021102412,5,0:00:00,2
388,166.182.85.183,2021102411,3,0:05:31,2
584,108.52.234.84,2021101106,1,0:00:00,2
475,108.52.234.84,2021101019,2,0:01:06,2
583,108.52.130.168,2021092509,1,0:00:00,2
209,108.52.130.168,2021092508,6,0:13:00,2
474,108.215.130.45,2021092523,2,0:00:00,2
473,108.215.130.45,2021092522,2,0:02:21,2
581,108.195.170.156,2021092900,1,0:00:00,2
471,108.195.170.156,2021092721,2,0:00:00,2
88,107.77.207.231,2021092712,11,0:00:00,2
145,107.77.207.231,2021092711,8,0:25:46,2
8,107.242.113.5,2021102307,26,0:00:00,2
383,107.242.113.5,2021102306,3,0:13:31,2
87,107.207.246.122,2021093019,11,0:00:00,2
248,107.207.246.122,2021093018,5,0:08:26,2
321,107.204.168.21,2021092717,4,0:00:00,2
23,107.204.168.21,2021092716,18,0:57:57,2
463,107.136.61.184,2021100810,2,0:02:39,2
207,107.136.61.184,2021092810,6,0:05:28,2
206,104.245.131.241,2021102416,6,0:00:00,2
461,104.245.131.241,2021102415,2,0:05:32,2
377,99.93.208.84,2021100110,4,0:02:35,1
205,99.92.172.96,2021092613,7,0:02:13,1
376,99.89.44.176,2021092615,4,0:03:05,1
246,99.82.254.180,2021092718,6,0:04:12,1
167,99.8.85.105,2021092610,8,0:07:29,1
375,99.7.30.41,2021093016,4,0:03:28,1
751,99.58.105.11,2021100915,1,0:00:00,1
572,99.54.138.36,2021100718,2,0:02:39,1
750,99.46.178.2,2021100417,1,0:00:00,1
244,99.32.58.89,2021092606,6,0:07:14,1
85,99.196.242.50,2021092615,12,0:11:52,1
374,99.186.110.69,2021102313,4,0:01:35,1
39,99.185.57.102,2021093020,16,0:19:12,1
373,99.182.122.131,2021092922,4,0:02:02,1
203,99.160.137.175,2021100107,7,0:08:18,1
458,99.122.83.146,2021092716,3,0:00:29,1
372,99.122.61.62,2021102205,4,0:02:05,1
570,99.113.109.28,2021101621,2,0:03:43,1
33,99.108.235.167,2021092810,17,0:19:53,1
371,99.102.165.93,2021100208,4,0:05:52,1
569,98.45.172.75,2021101116,2,0:01:14,1
243,98.4.93.222,2021100818,6,0:06:57,1
242,98.4.195.49,2021102119,6,0:01:06,1
84,98.30.218.60,2021093012,12,0:09:09,1
319,98.27.129.144,2021093018,5,0:12:09,1
746,98.26.105.49,2021100515,1,0:00:00,1
745,98.255.241.199,2021100621,1,0:00:00,1
744,98.236.111.161,2021102317,1,0:00:00,1
568,98.235.28.50,2021092814,2,0:00:49,1
743,98.230.113.160,2021100513,1,0:00:00,1
202,98.23.209.26,2021092613,7,0:07:45,1
567,98.222.110.65,2021100716,2,0:01:01,1
566,98.22.203.135,2021093005,2,0:01:53,1
741,98.216.67.5,2021100116,1,0:00:00,1
318,98.21.145.218,2021092615,5,0:01:57,1
141,98.207.138.26,2021102114,9,0:19:47,1
317,98.204.252.212,2021093018,5,0:04:03,1
316,98.201.203.55,2021101716,5,0:04:17,1
315,98.200.163.202,2021102416,5,0:07:44,1
740,98.20.165.99,2021092515,1,0:00:00,1
314,98.192.129.75,2021092920,5,0:02:20,1
565,98.181.6.74,2021100616,2,0:01:51,1
32,98.174.82.34,2021092610,17,0:22:46,1
120,98.169.145.74,2021102107,10,0:05:27,1
140,98.165.150.193,2021092423,9,0:10:20,1
564,98.156.87.134,2021092615,2,0:00:21,1
241,98.152.32.83,2021092523,6,0:09:05,1
457,98.148.91.153,2021100108,3,0:11:21,1
456,98.148.192.63,2021100221,3,0:01:50,1
455,98.146.203.152,2021100709,3,0:03:07,1
563,98.144.72.93,2021101811,2,0:00:11,1
739,98.144.226.183,2021092511,1,0:00:00,1
38,98.127.80.222,2021102415,16,0:27:25,1
738,98.127.210.131,2021101616,1,0:00:00,1
454,98.118.116.178,2021093018,3,0:00:42,1
313,98.10.243.160,2021092714,5,0:02:50,1
369,97.91.169.33,2021092711,4,0:03:29,1
312,97.86.226.143,2021101720,5,0:03:06,1
119,97.121.167.37,2021092921,10,0:08:06,1
737,97.118.240.175,2021100213,1,0:00:00,1
311,97.118.138.172,2021102316,5,0:01:39,1
310,97.115.93.206,2021092721,5,0:04:54,1
368,97.113.35.1,2021092509,4,0:02:07,1
22,97.102.31.226,2021100308,19,0:09:42,1
166,96.61.82.208,2021092609,8,0:05:37,1
453,96.42.25.209,2021092719,3,0:00:43,1
452,96.32.232.173,2021102020,3,0:23:25,1
82,96.29.3.249,2021092615,12,0:17:20,1
69,96.252.109.126,2021093015,13,0:18:45,1
736,93.177.72.7,2021101117,1,0:00:00,1
735,93.112.148.180,2021101805,1,0:00:00,1
734,90.62.80.149,2021092906,1,0:00:00,1
733,89.64.101.163,2021101111,1,0:00:00,1
732,86.188.116.226,2021110306,1,0:00:00,1
731,86.173.186.173,2021100909,1,0:00:00,1
730,85.255.237.187,2021101209,1,0:00:00,1
729,81.110.124.156,2021101212,1,0:00:00,1
728,80.236.20.26,2021102013,1,0:00:00,1
200,8.29.210.69,2021101708,7,0:03:34,1
727,78.19.76.54,2021100315,1,0:00:00,1
118,76.9.91.238,2021100717,10,0:13:13,1
562,76.27.175.82,2021100315,2,0:00:09,1
117,76.26.54.57,2021100109,10,0:10:00,1
165,76.25.77.216,2021100113,8,0:08:01,1
309,76.24.190.225,2021092811,5,0:07:57,1
726,76.235.204.65,2021102416,1,0:00:00,1
116,76.234.140.218,2021101513,10,0:16:53,1
725,76.206.56.238,2021093020,1,0:00:00,1
450,76.20.100.62,2021100819,3,0:00:53,1
449,76.191.19.153,2021100218,3,0:01:32,1
308,76.183.186.151,2021101714,5,0:11:03,1
164,76.172.66.181,2021102013,8,0:09:52,1
163,76.167.213.176,2021101516,8,0:01:38,1
724,76.167.161.108,2021102013,1,0:00:00,1
139,76.125.207.177,2021102316,9,0:03:20,1
561,76.120.172.6,2021092714,2,0:01:21,1
723,76.118.85.20,2021093012,1,0:00:00,1
365,76.106.2.217,2021092605,4,0:04:43,1
307,75.97.179.218,2021092717,5,0:02:59,1
239,75.89.200.130,2021100115,6,0:03:51,1
722,75.80.176.45,2021100103,1,0:00:00,1
721,75.73.195.232,2021100806,1,0:00:00,1
7,75.58.42.195,2021100216,27,0:17:51,1
447,75.48.121.67,2021100905,3,0:00:42,1
718,75.190.11.196,2021092713,1,0:00:00,1
364,75.188.45.72,2021092720,4,0:04:23,1
80,75.187.42.179,2021092506,12,0:08:20,1
559,75.187.124.48,2021092612,2,0:02:10,1
558,75.175.104.136,2021092612,2,0:05:30,1
306,75.172.55.60,2021100110,5,0:03:08,1
305,75.164.248.79,2021102121,5,0:03:39,1
557,75.138.248.52,2021101714,2,0:00:48,1
68,75.134.243.32,2021102212,13,0:06:38,1
556,75.117.168.206,2021100714,2,0:03:40,1
162,75.115.127.225,2021092814,8,0:19:20,1
138,75.109.23.142,2021101010,9,0:04:37,1
67,75.104.71.177,2021092610,13,0:21:13,1
363,74.69.60.242,2021100618,4,0:02:26,1
303,74.199.76.172,2021092607,5,0:09:01,1
302,74.138.83.223,2021102214,5,0:29:13,1
199,74.135.35.148,2021100716,7,0:05:35,1
238,74.134.88.28,2021100307,6,0:05:22,1
136,74.111.182.17,2021092610,9,0:08:33,1
301,73.94.72.118,2021092508,5,0:11:56,1
444,73.94.49.153,2021102110,3,0:01:42,1
12,73.90.207.79,2021092609,25,0:54:23,1
443,73.81.166.10,2021092605,3,0:03:39,1
300,73.72.230.127,2021102219,5,0:01:53,1
361,73.70.203.170,2021101714,4,0:03:14,1
555,73.48.241.8,2021092808,2,0:03:22,1
115,73.248.196.67,2021100615,10,0:15:16,1
554,73.236.244.138,2021101014,2,0:02:21,1
442,73.230.159.100,2021092920,3,0:01:16,1
715,73.22.23.169,2021102410,1,0:00:00,1
198,73.216.48.91,2021092805,7,0:04:39,1
553,73.196.201.60,2021101517,2,0:00:07,1
37,73.182.217.127,2021100317,16,0:09:59,1
236,73.181.216.235,2021092422,6,0:09:06,1
36,73.175.215.190,2021102215,16,0:12:02,1
441,73.174.250.149,2021102119,3,0:02:25,1
552,73.169.223.100,2021100100,2,0:02:01,1
714,73.168.155.44,2021102307,1,0:00:00,1
550,73.154.51.68,2021100916,2,0:01:16,1
134,73.15.115.187,2021101622,9,0:25:48,1
11,73.147.52.48,2021092506,26,0:32:06,1
99,73.136.94.35,2021093020,11,0:12:07,1
235,73.135.130.127,2021092812,6,0:05:18,1
10,73.131.117.35,2021092717,26,0:40:39,1
713,73.13.3.153,2021100605,1,0:00:00,1
549,73.121.213.202,2021102213,2,0:02:15,1
548,73.109.56.253,2021100911,2,0:02:10,1
440,73.108.31.82,2021101008,3,0:02:24,1
439,73.1.1.113,2021100116,3,0:00:34,1
299,72.86.46.143,2021102305,5,0:01:07,1
547,72.81.218.221,2021093014,2,0:00:08,1
711,72.46.177.214,2021092719,1,0:00:00,1
546,72.26.4.168,2021093021,2,0:00:55,1
298,72.230.71.244,2021100619,5,0:04:06,1
297,72.230.242.29,2021092507,5,0:01:40,1
545,72.227.130.60,2021101716,2,0:01:48,1
296,72.224.13.18,2021102315,5,0:02:01,1
438,72.220.69.176,2021100809,3,0:02:10,1
160,72.220.148.171,2021102013,8,0:05:01,1
65,72.202.206.47,2021101719,13,0:15:36,1
98,72.196.151.16,2021100418,11,0:06:14,1
295,72.193.21.23,2021101009,5,0:12:35,1
710,72.174.26.36,2021101718,1,0:00:00,1
709,72.129.145.43,2021092807,1,0:00:00,1
708,71.95.144.171,2021100110,1,0:00:00,1
294,71.92.35.228,2021102315,5,0:10:44,1
233,71.91.163.56,2021102309,6,0:24:34,1
28,71.81.210.174,2021092612,18,0:19:51,1
114,71.67.244.85,2021100210,10,0:04:18,1
437,71.63.151.28,2021101908,3,0:01:56,1
293,71.49.142.72,2021100822,5,0:05:40,1
20,71.47.70.149,2021100307,21,0:26:27,1
159,71.45.41.119,2021101714,8,0:23:11,1
436,71.28.113.117,2021102314,3,0:00:39,1
232,71.255.32.18,2021093018,6,0:05:26,1
97,71.240.196.40,2021093017,11,0:15:50,1
193,71.238.34.51,2021100221,7,0:06:07,1
435,71.229.200.144,2021101614,3,0:03:16,1
54,71.227.107.130,2021093018,14,0:16:17,1
231,71.223.238.5,2021092721,6,0:08:44,1
9,71.213.45.87,2021100114,26,0:24:37,1
706,71.213.194.156,2021100717,1,0:00:00,1
543,71.190.28.176,2021092718,2,0:00:43,1
357,71.185.203.44,2021102117,4,0:01:20,1
31,71.182.170.133,2021093009,17,0:14:30,1
432,71.166.44.98,2021100714,3,0:00:54,1
705,71.16.198.34,2021093009,1,0:00:00,1
542,71.15.205.15,2021093020,2,0:00:18,1
19,71.12.154.101,2021100913,21,0:12:25,1
48,70.94.244.118,2021093017,15,0:18:09,1
30,70.235.130.102,2021092920,17,0:12:21,1
52,70.18.238.174,2021100109,14,0:04:21,1
96,70.175.75.192,2021100209,11,0:06:46,1
288,70.172.5.170,2021100921,5,0:05:12,1
287,70.170.52.38,2021100209,5,0:03:35,1
228,70.162.20.98,2021102413,6,0:08:50,1
431,70.127.1.212,2021100117,3,0:01:03,1
701,70.120.242.189,2021100317,1,0:00:00,1
354,69.88.40.153,2021093015,4,0:06:12,1
700,69.79.192.80,2021093017,1,0:00:00,1
227,69.68.68.154,2021101618,6,0:01:12,1
430,69.26.12.100,2021102306,3,0:01:30,1
541,69.255.155.56,2021100316,2,0:01:43,1
540,69.245.109.252,2021101810,2,0:01:36,1
539,69.244.221.2,2021100115,2,0:01:18,1
698,69.174.145.36,2021093014,1,0:00:00,1
697,69.171.251.18,2021102614,1,0:00:00,1
696,69.171.251.117,2021110221,1,0:00:00,1
192,69.141.231.61,2021102019,7,0:03:36,1
428,69.140.84.145,2021093018,3,0:01:49,1
158,69.140.116.95,2021092919,8,0:07:52,1
286,69.14.50.208,2021101711,5,0:04:52,1
191,69.14.171.213,2021093010,7,0:02:13,1
695,69.116.212.144,2021100316,1,0:00:00,1
427,68.97.105.155,2021102111,3,0:00:28,1
285,68.93.4.230,2021092608,5,0:04:31,1
64,68.82.200.161,2021092607,13,0:18:37,1
694,68.81.110.251,2021100505,1,0:00:00,1
693,68.80.143.126,2021100311,1,0:00:00,1
284,68.7.141.51,2021100821,5,0:04:00,1
426,68.52.241.50,2021100711,3,0:01:50,1
190,68.52.133.182,2021093013,7,0:11:36,1
79,68.37.167.213,2021092505,12,0:36:38,1
226,68.33.60.39,2021100813,6,0:09:04,1
689,68.227.226.199,2021101008,1,0:00:00,1
225,68.202.78.144,2021092607,6,0:03:28,1
283,68.195.153.13,2021100907,5,0:05:48,1
688,68.194.129.144,2021101012,1,0:00:00,1
282,68.171.180.200,2021100820,5,0:05:10,1
687,68.169.141.37,2021092610,1,0:00:00,1
189,68.162.81.218,2021100908,7,0:03:21,1
353,68.162.66.44,2021100915,4,0:03:38,1
281,68.15.240.108,2021093013,5,0:02:07,1
188,68.14.118.41,2021092505,7,0:07:02,1
187,68.108.106.184,2021102117,7,0:09:08,1
156,68.105.132.94,2021102213,8,0:12:51,1
132,68.102.65.122,2021092606,9,0:08:36,1
280,68.10.108.230,2021100906,5,0:05:14,1
352,67.82.145.227,2021100317,4,0:01:48,1
279,67.49.116.39,2021100223,5,0:06:01,1
351,67.44.224.77,2021101721,4,0:04:26,1
685,67.43.253.56,2021100917,1,0:00:00,1
51,67.43.240.171,2021100708,14,0:07:01,1
27,67.3.99.123,2021102318,18,0:14:20,1
534,67.251.11.232,2021101715,2,0:00:25,1
278,67.241.209.250,2021100819,5,0:03:45,1
425,67.233.73.73,2021093007,3,0:01:17,1
15,67.213.236.220,2021100707,23,0:30:33,1
186,67.188.101.116,2021100615,7,0:09:10,1
350,67.186.32.145,2021100217,4,0:02:43,1
13,67.184.189.126,2021100715,24,0:18:46,1
684,67.180.15.146,2021092610,1,0:00:00,1
424,67.172.10.62,2021100716,3,0:01:27,1
683,67.171.161.24,2021100712,1,0:00:00,1
533,67.166.187.251,2021102214,2,0:01:13,1
185,67.143.192.42,2021102412,7,0:03:28,1
349,67.10.36.9,2021100819,4,0:05:16,1
94,67.10.30.123,2021102211,11,0:08:30,1
277,67.1.16.127,2021100213,5,0:02:59,1
682,66.75.245.205,2021101800,1,0:00:00,1
276,66.38.61.218,2021100209,5,0:03:59,1
681,66.169.254.124,2021093018,1,0:00:00,1
529,66.168.224.132,2021100919,2,0:04:38,1
528,66.10.244.242,2021100811,2,0:02:00,1
527,65.191.169.190,2021092512,2,0:01:23,1
680,65.189.42.102,2021100814,1,0:00:00,1
63,65.184.42.10,2021100211,13,0:17:33,1
679,65.154.226.165,2021101223,1,0:00:00,1
526,65.131.24.176,2021092510,2,0:02:26,1
275,64.68.238.54,2021093012,5,0:02:50,1
423,64.251.147.224,2021100218,3,0:04:56,1
47,64.127.165.14,2021092610,15,0:26:43,1
348,63.142.197.59,2021102315,4,0:07:06,1
422,54.229.168.186,2021101711,3,0:00:15,1
421,52.50.31.99,2021101000,3,0:00:27,1
62,50.83.99.191,2021102408,13,0:14:00,1
525,50.82.40.47,2021093016,2,0:01:31,1
678,50.34.191.81,2021102114,1,0:00:00,1
131,50.25.0.72,2021100118,9,0:13:35,1
420,50.201.30.60,2021102110,3,0:00:45,1
677,49.37.37.93,2021110300,1,0:00:00,1
524,47.37.130.240,2021100822,2,0:02:09,1
155,47.32.4.202,2021100116,8,0:07:48,1
274,47.26.146.112,2021100717,5,0:01:43,1
35,47.226.30.185,2021092605,16,0:10:02,1
523,47.223.139.19,2021093010,2,0:00:35,1
419,47.222.191.65,2021092720,3,0:01:17,1
418,47.198.15.234,2021100915,3,0:00:37,1
273,47.196.175.149,2021092606,5,0:05:24,1
272,47.185.27.2,2021092920,5,0:01:13,1
417,47.153.54.247,2021101508,3,0:01:24,1
222,47.150.19.239,2021102321,6,0:02:33,1
271,47.149.253.50,2021102221,5,0:02:16,1
521,47.148.65.217,2021100910,2,0:00:38,1
520,45.51.188.202,2021092809,2,0:05:18,1
346,45.49.58.160,2021100720,4,0:01:36,1
675,45.48.39.139,2021092707,1,0:00:00,1
674,45.47.153.40,2021100719,1,0:00:00,1
154,38.29.179.230,2021102119,8,0:05:15,1
673,38.132.158.68,2021102415,1,0:00:00,1
672,37.30.0.155,2021101913,1,0:00:00,1
184,35.137.169.48,2021100906,7,0:04:51,1
221,31.48.115.8,2021100910,6,0:07:25,1
671,31.13.127.19,2021101218,1,0:00:00,1
670,31.13.127.116,2021092523,1,0:00:00,1
667,31.13.115.118,2021102321,1,0:00:00,1
666,3.227.184.170,2021101117,1,0:00:00,1
345,24.94.18.133,2021102208,4,0:02:57,1
78,24.8.149.174,2021092507,12,0:09:58,1
270,24.7.183.2,2021100917,5,0:14:55,1
129,24.63.96.210,2021093018,9,0:13:09,1
60,24.60.157.158,2021101616,13,0:04:39,1
344,24.5.177.117,2021093010,4,0:04:07,1
414,24.254.112.112,2021093014,3,0:00:55,1
413,24.250.245.66,2021093010,3,0:03:04,1
517,24.242.158.192,2021102118,2,0:01:43,1
182,24.240.58.192,2021092509,7,0:04:00,1
516,24.237.17.179,2021093012,2,0:01:47,1
412,24.233.109.99,2021100718,3,0:02:32,1
659,24.21.200.70,2021102312,1,0:00:00,1
59,24.194.226.86,2021100219,13,0:03:15,1
341,24.192.5.2,2021102213,4,0:03:35,1
658,24.192.124.50,2021101122,1,0:00:00,1
515,24.190.32.242,2021092510,2,0:01:06,1
514,24.190.29.127,2021092506,2,0:01:00,1
411,24.186.210.13,2021101712,3,0:07:42,1
58,24.169.87.10,2021100711,13,0:08:39,1
46,24.169.2.9,2021100217,15,0:11:52,1
651,24.154.155.189,2021101607,1,0:00:00,1
181,24.154.107.20,2021092812,7,0:08:39,1
513,24.151.232.123,2021092714,2,0:00:52,1
650,24.148.19.128,2021093018,1,0:00:00,1
5,24.143.241.24,2021102211,29,0:48:06,1
77,24.136.53.79,2021101612,12,0:04:19,1
512,24.117.190.129,2021100816,2,0:01:22,1
649,24.106.197.210,2021101110,1,0:00:00,1
29,24.0.99.105,2021092605,17,0:18:29,1
112,24.0.112.76,2021100717,10,0:17:22,1
511,23.84.72.234,2021102120,2,0:01:14,1
220,23.242.78.23,2021092422,6,0:02:36,1
648,23.162.0.90,2021093009,1,0:00:00,1
647,23.127.149.150,2021093014,1,0:00:00,1
111,23.123.210.55,2021092513,10,0:08:55,1
91,23.117.99.64,2021100217,11,0:20:19,1
219,216.93.226.235,2021092611,6,0:08:57,1
510,216.81.125.14,2021102013,2,0:01:08,1
646,216.211.7.167,2021101713,1,0:00:00,1
218,216.161.18.58,2021100714,6,0:02:33,1
340,216.116.227.255,2021100817,4,0:01:52,1
410,209.6.227.216,2021093018,3,0:02:18,1
644,209.51.72.38,2021092812,1,0:00:00,1
266,209.107.180.22,2021100622,5,0:03:38,1
339,208.38.254.86,2021100719,4,0:04:42,1
409,208.104.195.107,2021092917,3,0:00:01,1
217,207.225.154.127,2021101006,6,0:08:49,1
508,205.169.39.154,2021101309,2,0:00:00,1
153,203.167.201.34,2021102416,8,0:06:52,1
642,202.9.74.4,2021101017,1,0:00:00,1
641,199.47.65.175,2021100918,1,0:00:00,1
216,198.243.17.69,2021101603,6,0:05:19,1
640,197.210.53.202,2021102108,1,0:00:00,1
639,197.185.106.33,2021101114,1,0:00:00,1
638,196.158.139.27,2021100521,1,0:00:00,1
338,192.190.159.60,2021100311,4,0:03:45,1
408,184.97.48.228,2021100115,3,0:01:34,1
337,184.96.246.213,2021093013,4,0:01:32,1
21,184.62.130.147,2021092714,20,0:09:57,1
336,184.20.108.209,2021100710,4,0:02:58,1
75,184.155.53.208,2021102211,12,0:12:16,1
637,18.208.35.91,2021101117,1,0:00:00,1
507,174.96.48.51,2021092507,2,0:01:54,1
180,174.86.0.207,2021100620,7,0:05:49,1
407,174.80.241.119,2021102012,3,0:01:02,1
406,174.80.108.76,2021102116,3,0:01:08,1
506,174.71.25.80,2021092919,2,0:01:49,1
265,174.54.123.8,2021102019,5,0:02:39,1
264,174.252.202.5,2021100719,5,0:05:06,1
110,174.250.36.12,2021100915,10,0:21:21,1
179,174.249.47.115,2021100219,7,0:21:26,1
405,174.247.240.255,2021100816,3,0:02:54,1
334,174.247.14.59,2021102312,4,0:02:14,1
636,174.246.48.126,2021101211,1,0:00:00,1
178,174.243.179.121,2021100323,7,0:03:28,1
90,174.242.81.27,2021092716,11,0:08:12,1
633,174.241.161.118,2021100711,1,0:00:00,1
263,174.216.11.136,2021100713,5,0:04:03,1
503,174.215.189.51,2021100106,2,0:00:29,1
152,174.214.0.116,2021093013,8,0:14:45,1
502,174.211.43.106,2021102217,2,0:00:09,1
632,174.211.160.168,2021100705,1,0:00:00,1
74,174.210.235.168,2021092719,12,0:13:35,1
631,174.208.37.100,2021100918,1,0:00:00,1
262,174.208.34.69,2021100814,5,0:01:16,1
333,174.208.193.174,2021100207,4,0:02:18,1
630,174.207.192.54,2021102016,1,0:00:00,1
501,174.207.0.28,2021102318,2,0:04:50,1
404,174.206.65.163,2021092607,3,0:01:38,1
629,174.205.240.185,2021102119,1,0:00:00,1
500,174.205.128.46,2021100710,2,0:01:10,1
403,174.204.9.124,2021101808,3,0:00:54,1
628,174.203.101.81,2021092611,1,0:00:00,1
627,174.202.71.164,2021100905,1,0:00:00,1
499,174.202.69.23,2021100107,2,0:01:13,1
626,174.202.203.30,2021102119,1,0:00:00,1
498,174.202.0.217,2021101618,2,0:04:55,1
497,174.20.67.229,2021100115,2,0:01:49,1
42,174.199.238.114,2021093009,15,0:10:53,1
402,174.198.147.183,2021101609,3,0:05:08,1
215,174.197.203.48,2021101612,6,0:03:24,1
261,174.126.154.195,2021093014,5,0:05:56,1
260,174.101.206.29,2021100907,5,0:00:55,1
624,173.87.230.199,2021100718,1,0:00:00,1
496,173.81.164.231,2021102316,2,0:01:38,1
401,173.69.134.2,2021092511,3,0:01:56,1
400,173.54.76.88,2021100914,3,0:02:35,1
623,173.49.19.117,2021092707,1,0:00:00,1
399,173.29.26.241,2021092717,3,0:01:10,1
214,173.29.245.134,2021092609,6,0:12:20,1
622,173.252.95.3,2021100814,1,0:00:00,1
621,173.252.95.1,2021101921,1,0:00:00,1
620,173.252.87.6,2021092820,1,0:00:00,1
619,173.252.127.14,2021100921,1,0:00:00,1
398,173.22.120.33,2021102013,3,0:00:44,1
331,173.2.249.174,2021100311,4,0:03:13,1
495,173.187.48.146,2021093017,2,0:01:07,1
397,173.174.7.212,2021102406,3,0:01:20,1
618,173.173.4.193,2021092718,1,0:00:00,1
494,173.168.131.78,2021100814,2,0:00:31,1
493,173.16.94.233,2021100916,2,0:04:09,1
492,172.91.219.96,2021092509,2,0:01:04,1
491,172.89.24.156,2021092522,2,0:02:33,1
490,172.8.196.79,2021100718,2,0:01:46,1
109,172.79.21.112,2021101714,10,0:11:05,1
259,172.76.59.43,2021100119,5,0:01:51,1
258,172.75.242.43,2021102313,5,0:04:49,1
617,172.58.99.251,2021100911,1,0:00:00,1
108,172.58.70.156,2021092511,10,0:13:51,1
616,172.58.63.103,2021101614,1,0:00:00,1
150,172.58.6.204,2021093017,8,0:11:19,1
330,172.58.56.40,2021102108,4,0:01:39,1
149,172.58.44.251,2021100309,8,0:07:51,1
107,172.58.44.170,2021101008,10,0:12:59,1
396,172.58.36.197,2021100221,3,0:02:19,1
176,172.58.31.102,2021101623,7,0:24:47,1
395,172.58.28.93,2021100909,3,0:02:37,1
614,172.58.27.12,2021100118,1,0:00:00,1
394,172.58.238.130,2021093016,3,0:00:51,1
489,172.58.236.51,2021092505,2,0:01:51,1
488,172.58.23.222,2021092710,2,0:03:09,1
329,172.58.228.166,2021102206,4,0:00:36,1
213,172.58.223.141,2021102218,6,0:10:35,1
175,172.58.220.43,2021092612,7,0:02:11,1
73,172.58.207.135,2021092711,12,0:06:12,1
212,172.58.205.22,2021101615,6,0:01:12,1
41,172.58.19.143,2021100108,15,0:13:57,1
392,172.58.187.101,2021100505,3,0:01:44,1
486,172.58.175.244,2021102214,2,0:02:00,1
257,172.58.160.165,2021093006,5,0:01:08,1
484,172.58.157.238,2021100816,2,0:02:30,1
483,172.58.155.234,2021101812,2,0:00:30,1
72,172.58.139.36,2021100319,12,0:21:24,1
326,172.58.136.37,2021102410,4,0:02:16,1
611,172.58.120.185,2021100216,1,0:00:00,1
256,172.58.111.155,2021092920,5,0:10:12,1
610,172.58.109.92,2021100708,1,0:00:00,1
609,172.58.107.37,2021102721,1,0:00:00,1
325,172.56.42.87,2021100122,4,0:02:16,1
606,172.56.42.176,2021100313,1,0:00:00,1
605,172.56.31.94,2021093011,1,0:00:00,1
604,172.56.30.64,2021093012,1,0:00:00,1
600,172.56.30.218,2021093014,1,0:00:00,1
126,172.56.30.101,2021100621,9,0:01:49,1
57,172.56.13.86,2021100507,13,0:19:06,1
173,172.56.12.176,2021093018,7,0:03:30,1
324,172.5.237.199,2021102111,4,0:05:21,1
26,172.221.114.222,2021100417,18,0:19:00,1
481,172.14.95.125,2021100716,2,0:02:17,1
599,169.1.114.40,2021101800,1,0:00:00,1
148,166.181.82.19,2021092712,8,0:02:59,1
480,166.137.83.5,2021092716,2,0:01:04,1
598,162.232.184.211,2021102013,1,0:00:00,1
211,162.229.22.2,2021100708,6,0:02:20,1
49,162.222.31.52,2021092609,14,0:48:13,1
25,162.218.220.231,2021092607,18,0:28:23,1
597,162.192.207.20,2021100215,1,0:00:00,1
596,157.49.95.88,2021110302,1,0:00:00,1
147,151.197.230.4,2021092512,8,0:07:13,1
479,150.135.165.103,2021100111,2,0:01:04,1
595,148.76.225.100,2021101711,1,0:00:00,1
478,148.76.109.230,2021100708,2,0:00:49,1
16,147.92.18.9,2021093012,22,0:08:32,1
594,142.160.109.206,2021101808,1,0:00:00,1
593,142.105.11.32,2021100319,1,0:00:00,1
210,141.156.128.117,2021092608,6,0:03:47,1
2,140.186.252.50,2021092609,41,0:29:40,1
592,138.122.154.148,2021100805,1,0:00:00,1
125,137.83.68.106,2021092721,9,0:07:00,1
252,136.56.102.125,2021092505,5,0:01:32,1
124,136.49.55.129,2021092807,9,0:04:17,1
18,136.34.91.100,2021100316,21,0:15:42,1
591,136.158.37.150,2021102003,1,0:00:00,1
590,135.134.161.150,2021101014,1,0:00:00,1
146,135.129.115.46,2021100211,8,0:06:52,1
589,134.174.142.203,2021102011,1,0:00:00,1
477,131.95.1.143,2021092908,2,0:02:19,1
476,128.119.226.22,2021092807,2,0:00:51,1
588,116.88.101.181,2021101121,1,0:00:00,1
587,111.223.26.101,2021100415,1,0:00:00,1
586,110.137.195.99,2021102804,1,0:00:00,1
585,109.76.206.200,2021100213,1,0:00:00,1
387,108.75.185.166,2021100917,3,0:01:03,1
251,108.30.127.130,2021100418,5,0:04:42,1
105,108.28.65.24,2021100208,10,0:13:32,1
123,108.238.90.79,2021101708,9,0:11:00,1
386,108.236.37.235,2021101610,3,0:00:58,1
56,108.234.124.199,2021092606,13,0:16:31,1
582,108.223.237.150,2021100605,1,0:00:00,1
71,108.213.221.15,2021092523,12,0:25:47,1
472,108.209.51.38,2021102114,2,0:01:00,1
323,108.207.5.63,2021101808,4,0:00:42,1
70,108.202.117.72,2021092422,12,0:14:58,1
122,108.195.7.70,2021092813,9,0:03:31,1
580,108.183.203.232,2021101111,1,0:00:00,1
385,108.183.191.91,2021102314,3,0:00:10,1
104,108.183.166.171,2021101811,10,0:05:59,1
470,108.16.85.117,2021092814,2,0:00:19,1
579,107.77.249.61,2021102114,1,0:00:00,1
469,107.77.209.100,2021100718,2,0:02:14,1
468,107.77.208.231,2021092615,2,0:01:44,1
467,107.77.207.135,2021101616,2,0:00:09,1
466,107.77.204.37,2021101005,2,0:00:27,1
24,107.77.204.226,2021092706,18,0:13:42,1
250,107.77.196.108,2021092507,5,0:05:14,1
208,107.77.194.211,2021092511,6,0:02:38,1
578,107.77.194.124,2021100110,1,0:00:00,1
322,107.77.169.36,2021100616,4,0:06:44,1
384,107.242.125.48,2021092615,3,0:02:39,1
577,107.242.125.40,2021101806,1,0:00:00,1
172,107.2.232.15,2021092813,7,0:11:29,1
464,107.185.13.42,2021092717,2,0:04:48,1
320,107.143.185.173,2021102218,4,0:02:42,1
382,107.126.121.174,2021101614,3,0:02:33,1
86,107.126.100.27,2021092610,11,0:10:50,1
381,107.12.183.250,2021100708,3,0:02:55,1
576,107.115.159.20,2021102211,1,0:00:00,1
380,107.10.231.221,2021092610,3,0:01:05,1
143,104.8.80.79,2021100213,8,0:11:21,1
462,104.7.29.81,2021092613,2,0:02:06,1
171,104.62.180.181,2021102013,7,0:05:09,1
379,104.57.157.1,2021092719,3,0:01:47,1
103,104.4.139.57,2021100111,10,0:11:33,1
247,104.34.140.196,2021100619,5,0:06:57,1
460,104.176.121.100,2021092606,2,0:00:09,1
575,104.12.147.162,2021101719,1,0:00:00,1
574,103.111.179.138,2021101104,1,0:00:00,1
573,101.93.97.15,2021101005,1,0:00:00,1
459,100.35.149.7,2021092614,2,0:02:20,1
170,100.2.7.49,2021101011,7,0:07:21,1
169,100.1.210.47,2021100218,7,0:12:59,1
121,100.1.197.247,2021100307,9,0:12:02,1
142,100.1.116.150,2021102216,8,0:13:55,1
378,100.0.48.40,2021102219,3,0:01:27,1
168,1.127.30.239,2021101522,7,0:03:25,1
